{
    "9": {
        "2": 0.15
    },
    "8": {
        "0": -0.075,
        "2": 0
    },
    "7": {
        "0": 0,
        "1": 0.0375,
        "2": 0
    },
    "6": {
        "0": 0,
        "1": 0,
        "2": 0,
        "5": -0.01875
    },
    "5": {
        "0": 0,
        "1": 0,
        "4": 0.009375,
        "2": 0,
        "5": 0
    },
    "4": {
        "0": 0,
        "3": -0.0046875,
        "1": 0,
        "4": 0,
        "2": 0,
        "5": 0
    },
    "3": {
        "0": 0,
        "3": 0,
        "6": 0.00234375,
        "1": 0,
        "4": 0,
        "2": 0,
        "5": 0
    },
    "2": {
        "0": 0,
        "3": -0.001171875,
        "6": 0,
        "1": -0.01875,
        "4": 0,
        "7": -0.001171875,
        "2": -0.001171875,
        "5": 0
    },
    "0": {
        "0": -0.005156249999999999,
        "3": -0.0021679687499999998,
        "6": -0.001171875,
        "1": 0.019037109375,
        "4": 0.010110882897949218,
        "7": 0.009375,
        "2": 0.00241552734375,
        "5": 0.0,
        "8": 0.007147269287109374
    },
    "17": {
        "0": 0,
        "6": 0,
        "7": 0.15
    },
    "16": {
        "0": 0,
        "6": 0,
        "7": 0,
        "2": -0.075
    },
    "15": {
        "0": 0,
        "6": 0,
        "1": 0.0375,
        "7": 0,
        "2": 0
    },
    "14": {
        "0": 0,
        "3": -0.01875,
        "6": 0,
        "1": 0,
        "7": 0,
        "2": 0
    },
    "13": {
        "0": 0,
        "3": 0,
        "6": 0,
        "1": 0,
        "7": 0,
        "2": 0,
        "8": 0.009375
    },
    "12": {
        "0": 0,
        "3": -0.001171875,
        "6": -0.0046875,
        "1": -0.022734375,
        "7": 0,
        "2": 0.00234375,
        "5": -0.0046875,
        "8": 0
    },
    "22": {
        "6": 0,
        "4": 0.15,
        "7": 0,
        "2": 0,
        "5": 0
    },
    "21": {
        "3": -0.075,
        "6": 0,
        "4": 0,
        "7": 0,
        "2": 0.009375,
        "5": 0
    },
    "20": {
        "0": 0.0375,
        "3": 0,
        "6": 0,
        "4": 0,
        "7": 0,
        "2": 0,
        "5": 0
    },
    "30": {
        "0": 0.15,
        "3": 0,
        "5": 0
    },
    "29": {
        "0": 0,
        "3": 0,
        "7": -0.075,
        "5": 0
    },
    "28": {
        "0": 0,
        "3": 0,
        "4": 0.0375,
        "7": 0,
        "5": 0
    },
    "27": {
        "0": 0,
        "3": 0,
        "4": 0,
        "7": 0,
        "2": -0.01875,
        "5": 0
    },
    "26": {
        "0": 0,
        "3": 0,
        "4": 0,
        "7": 0,
        "2": 0,
        "5": 0,
        "8": 0.009375
    },
    "25": {
        "0": 0,
        "3": -0.01875,
        "6": -0.0046875,
        "4": 0,
        "7": 0,
        "2": 0,
        "5": -0.01875,
        "8": 0
    },
    "39": {
        "3": 0,
        "6": 0.0
    },
    "38": {
        "0": 0.0,
        "3": 0,
        "6": 0
    },
    "37": {
        "0": 0,
        "3": 0,
        "6": 0,
        "1": 0.0
    },
    "36": {
        "0": 0,
        "3": 0,
        "6": 0,
        "1": 0,
        "2": 0.0
    },
    "35": {
        "0": 0,
        "3": 0,
        "6": 0,
        "1": 0,
        "4": 0.0,
        "2": 0
    },
    "34": {
        "0": 0,
        "3": 0,
        "6": 0,
        "1": 0,
        "4": 0,
        "2": 0,
        "5": 0.0
    },
    "33": {
        "0": 0,
        "3": 0,
        "6": 0,
        "1": 0,
        "4": 0,
        "2": -0.01875,
        "5": 0,
        "8": 0.0
    },
    "48": {
        "2": 0.0,
        "8": 0
    },
    "47": {
        "4": 0.0,
        "2": 0,
        "8": 0
    },
    "46": {
        "3": 0.0,
        "4": 0,
        "2": 0,
        "8": 0
    },
    "45": {
        "3": 0,
        "4": 0,
        "2": 0,
        "5": 0.0,
        "8": 0
    },
    "44": {
        "3": 0,
        "4": 0,
        "7": 0.0,
        "2": 0,
        "5": 0,
        "8": 0
    },
    "43": {
        "3": 0,
        "1": 0.0,
        "4": 0,
        "7": 0,
        "2": 0,
        "5": 0,
        "8": 0
    },
    "42": {
        "0": 0.0,
        "3": 0,
        "1": 0,
        "4": 0.00234375,
        "7": 0,
        "2": 0,
        "5": 0,
        "8": 0
    },
    "57": {
        "1": 0,
        "4": 0.15
    },
    "56": {
        "1": 0,
        "4": 0,
        "7": -0.075
    },
    "55": {
        "0": 0.0375,
        "1": 0,
        "4": 0,
        "7": 0
    },
    "54": {
        "0": 0,
        "1": 0,
        "4": 0,
        "7": 0,
        "8": -0.01875
    },
    "53": {
        "0": 0,
        "1": 0,
        "4": 0,
        "7": 0,
        "2": 0.009375,
        "8": 0
    },
    "52": {
        "0": 0,
        "1": 0,
        "4": 0,
        "7": 0,
        "2": 0,
        "5": -0.0046875,
        "8": 0
    },
    "51": {
        "0": 0.00234375,
        "6": 0.00234375,
        "1": 0,
        "4": 0,
        "7": 0,
        "2": 0,
        "5": 0,
        "8": 0
    },
    "66": {
        "1": 0.0
    },
    "65": {
        "1": 0,
        "7": 0.0
    },
    "64": {
        "1": 0,
        "7": 0,
        "5": 0.0
    },
    "63": {
        "0": 0.0,
        "1": 0,
        "7": 0,
        "5": 0
    },
    "62": {
        "0": 0,
        "1": 0,
        "4": 0.0,
        "7": 0,
        "5": 0
    },
    "61": {
        "0": 0,
        "1": 0,
        "4": 0,
        "7": 0,
        "2": 0.0,
        "5": 0
    },
    "60": {
        "0": 0,
        "6": 0.0,
        "1": 0,
        "4": 0,
        "7": 0,
        "2": 0,
        "5": 0.00234375
    },
    "73": {
        "0": 0,
        "3": 0.15,
        "6": 0
    },
    "72": {
        "0": 0,
        "3": 0,
        "6": 0,
        "8": -0.075
    },
    "71": {
        "0": 0,
        "3": 0,
        "6": 0,
        "5": 0.0375,
        "8": 0
    },
    "70": {
        "0": 0,
        "3": 0,
        "6": 0,
        "2": -0.01875,
        "5": 0,
        "8": 0
    },
    "69": {
        "0": 0,
        "3": 0,
        "6": 0,
        "7": 0.009375,
        "2": 0,
        "5": 0,
        "8": 0.0375
    },
    "81": {
        "0": 0.15,
        "3": 0
    },
    "80": {
        "0": 0,
        "3": 0,
        "2": -0.075
    },
    "79": {
        "0": 0,
        "3": 0,
        "2": 0,
        "8": 0.0375
    },
    "78": {
        "0": 0,
        "3": 0,
        "7": -0.01875,
        "2": 0,
        "8": 0
    },
    "77": {
        "0": 0,
        "3": 0,
        "1": 0.009375,
        "7": 0,
        "2": 0,
        "8": 0
    },
    "76": {
        "0": 0,
        "3": 0,
        "1": 0,
        "7": 0,
        "2": 0,
        "5": -0.0046875,
        "8": 0
    },
    "90": {
        "6": 0.15
    },
    "89": {
        "6": 0,
        "4": -0.075
    },
    "88": {
        "6": 0,
        "4": 0,
        "7": 0.0375
    },
    "87": {
        "6": 0,
        "1": -0.01875,
        "4": 0,
        "7": 0
    },
    "86": {
        "3": 0.009375,
        "6": 0,
        "1": 0,
        "4": 0,
        "7": 0
    },
    "85": {
        "3": 0,
        "6": 0,
        "1": 0,
        "4": 0,
        "7": 0,
        "5": -0.0046875
    },
    "84": {
        "0": 0.00234375,
        "3": 0,
        "6": 0,
        "1": 0,
        "4": 0,
        "7": 0,
        "5": 0
    },
    "98": {
        "5": 0,
        "8": 0.15
    },
    "97": {
        "3": -0.075,
        "5": 0,
        "8": 0
    },
    "96": {
        "3": 0,
        "6": 0.0375,
        "5": 0,
        "8": 0
    },
    "95": {
        "3": 0,
        "6": 0,
        "1": -0.01875,
        "5": 0,
        "8": 0
    },
    "94": {
        "3": 0,
        "6": 0,
        "1": 0,
        "7": 0.009375,
        "5": 0,
        "8": 0
    },
    "93": {
        "0": -0.0046875,
        "3": 0,
        "6": 0,
        "1": 0,
        "7": 0,
        "5": 0,
        "8": 0
    },
    "105": {
        "0": 0.0,
        "1": 0.15,
        "5": 0
    },
    "104": {
        "0": 0,